name,system,lines,colour,kommun,lat,lon
Abrahamsberg,Tunnelbana,17/18/19,green,Stockholm,59.336468,17.953763
AGA,Tram,21,orange,Lidingö,59.346293,18.156505
Akalla,Tunnelbana,11,blue,Stockholm,59.415581,17.913219
Alby,Tunnelbana,13,red,Botkyrka,59.239309,17.844807
Alléparken,Tram,12,nockeby,Stockholm,59.329287,17.974462
Altorp,Roslagsbanan,29,roslag,Danderyd,59.410829,18.07284
Alvik,Tunnelbana + Tram,17/18/19/12/30/31,green/nockeby/orange,Stockholm,59.333401,17.982279
Alviks strand,Tram,30/31,orange,Stockholm,59.328963,17.98222
Arlanda central,Pendeltåg,40,pendel,Sigtuna,59.649426,17.928595
Arninge,Roslagsbanan,28,roslag,Täby,59.458786,18.141376
Aspudden,Tunnelbana,13,red,Stockholm,59.306576,18.002392
Axelsberg,Tunnelbana,13,red,Stockholm,59.304325,17.974414
Bagarmossen,Tunnelbana,17,green,Stockholm,59.276186,18.13134
Baggeby,Tram,21,orange,Lidingö,59.357055,18.132622
Bandhagen,Tunnelbana,19,green,Stockholm,59.270305,18.049588
Barkarby,Pendeltåg,43,pendel,Järfälla,59.404783,17.865414
Bergshamra,Tunnelbana,14,red,Solna,59.380702,18.037404
Björkhagen,Tunnelbana,17,green,Stockholm,59.291204,18.115486
Blackeberg,Tunnelbana,17/18/19,green,Stockholm,59.348473,17.882699
Blåsut,Tunnelbana,18,green,Stockholm,59.290503,18.091161
Bodal,Tram,21,orange,Lidingö,59.353954,18.138162
Bredäng,Tunnelbana,13,red,Stockholm,59.294783,17.933437
Brevik,Tram,21,orange,Lidingö,59.348411,18.203624
Bro,Pendeltåg,43,pendel,Upplands-Bro,59.512344,17.632897
Bromma Blocks,Tram,31,orange,Stockholm,59.353827,17.956882
Bromma flygplats,Tram,31,orange,Stockholm,59.357067,17.946688
Brommaplan,Tunnelbana,17/18/19,green,Stockholm,59.338283,17.939694
Bråvallavägen,Roslagsbanan,28,roslag,Danderyd,59.405305,18.060404
Bällsta,Roslagsbanan,27,roslag,Vallentuna,59.522982,18.07196
Bällsta bro,Tram,30,orange,Sundbyberg,59.360752,17.963285
Bålsta,Pendeltåg,43,pendel,Håbo,59.567477,17.535322
Danderyds sjukhus,Tunnelbana,14,red,Danderyd,59.390951,18.041963
Djurgårdsbron,Tram,7,city,Stockholm,59.331736,18.092641
Djurgårdsskolan,Tram,7,city,Stockholm,59.323247,18.104603
Djursholms Ekeby,Roslagsbanan,28,roslag,Danderyd,59.413309,18.057394
Djursholms Ösby,Roslagsbanan,27/28/29,roslag,Danderyd,59.398643,18.059099
Duvbo,Tunnelbana,10,blue,Sundbyberg,59.367562,17.964303
Ekskogen,Roslagsbanan,27,roslag,Vallentuna,59.639006,18.226273
Enebyberg,Roslagsbanan,28,roslag,Danderyd,59.42581,18.051214
Enskede gård,Tunnelbana,19,green,Stockholm,59.289287,18.070204
Ensta,Roslagsbanan,27,roslag,Täby,59.452139,18.063628
Erstaviksbadet,Saltsjöbanan,26,saltsjo,Nacka,59.272884,18.285232
Farsta,Tunnelbana,18,green,Stockholm,59.243353,18.093929
Farsta strand,Tunnelbana + Pendeltåg,18/43,green/pendel,Stockholm,59.235049,18.102066
Fisksätra,Saltsjöbanan,25,saltsjo,Nacka,59.294189,18.256127
Fittja,Tunnelbana,13,red,Botkyrka,59.24736,17.860701
Flemingsberg,Pendeltåg,40/41,pendel,Huddinge,59.218719,17.946934
Fridhemsplan,Tunnelbana,10/11/17/18/19,blue/green,Stockholm,59.332948,18.031055
Fruängen,Tunnelbana,14,red,Stockholm,59.286468,17.964876
Frösunda,Roslagsbanan,27,roslag,Vallentuna,59.624869,18.17089
Galoppfältet,Roslagsbanan,28,roslag,Täby,59.446931,18.085027
Gamla stan,Tunnelbana,13/14/17/18/19,red/green,Stockholm,59.323305,18.067002
Globen,Tunnelbana + Tram,19/30,green/orange,Stockholm,59.294058,18.076785
Gnesta,Pendeltåg,48,pendel,Gnesta,59.048467,17.312508
Gröndal,Tram,30,orange,Stockholm,59.31594,18.0113
Gröndalsviken,Pendeltåg,43,pendel,Nynäshamn,58.899152,17.931768
Gubbängen,Tunnelbana,18,green,Stockholm,59.26362,18.082079
Gullmarsplan,Tunnelbana + Tram,17/18/19/30,green/orange,Stockholm,59.299529,18.080639
Gärdet,Tunnelbana,13,red,Stockholm,59.345877,18.098877
Gåshaga,Tram,21,orange,Lidingö,59.356596,18.226262
Gåshaga brygga,Tram,21,orange,Lidingö,59.356893,18.233862
Hagsätra,Tunnelbana,19,green,Stockholm,59.262548,18.012769
Hallonbergen,Tunnelbana,10,blue,Sundbyberg,59.374459,17.969111
Hallunda,Tunnelbana,13,red,Botkyrka,59.24328,17.825092
Hammarbyhöjden,Tunnelbana,17,green,Stockholm,59.294805,18.104328
Handen,Pendeltåg,43,pendel,Haninge,59.166429,18.134055
Helenelund,Pendeltåg,40/41,pendel,Sollentuna,59.408731,17.962877
Hemfosa,Pendeltåg,43,pendel,Haninge,59.068222,17.975488
Henriksdal,Saltsjöbanan,25,saltsjo,Nacka,59.312141,18.108423
Hjulsta,Tunnelbana,10,blue,Stockholm,59.396599,17.888219
Hornstull,Tunnelbana,13/14,red,Stockholm,59.31642,18.036711
Huddinge,Pendeltåg,40/41,pendel,Huddinge,59.235906,17.978356
Husby,Tunnelbana,11,blue,Stockholm,59.408185,17.928665
Huvudsta,Tunnelbana,10,blue,Solna,59.349659,17.987073
Hägernäs,Roslagsbanan,28,roslag,Täby,59.450942,18.125053
Hägerstensåsen,Tunnelbana,14,red,Stockholm,59.294998,17.977919
Häggvik,Pendeltåg,40/41,pendel,Sollentuna,59.443815,17.932998
Hässelby gård,Tunnelbana,17/18/19,green,Stockholm,59.366967,17.843908
Hässelby strand,Tunnelbana,17/18/19,green,Stockholm,59.361466,17.832463
Högberga,Tram,21,orange,Lidingö,59.344283,18.193714
Högdalen,Tunnelbana,19,green,Stockholm,59.263764,18.043057
Höglandstorget,Tram,12,nockeby,Stockholm,59.323207,17.940388
Hökarängen,Tunnelbana,18,green,Stockholm,59.257319,18.082846
Hötorget,Tunnelbana,17/18/19,green,Stockholm,59.335831,18.063265
Igelboda,Saltsjöbanan,25/26,saltsjo,Nacka,59.289784,18.275749
Islandstorget,Tunnelbana,17/18/19,green,Stockholm,59.345938,17.893745
Jakobsberg,Pendeltåg,43,pendel,Järfälla,59.423561,17.833033
Johannelund,Tunnelbana,17/18/19,green,Stockholm,59.367948,17.857853
Johannesfred,Tram,30/31,orange,Stockholm,59.342754,17.969724
Jordbro,Pendeltåg,43,pendel,Haninge,59.142233,18.126585
Järna,Pendeltåg,48,pendel,Södertälje,59.093844,17.56812
Kallhäll,Pendeltåg,43,pendel,Järfälla,59.452472,17.806999
Karlaplan,Tunnelbana,13,red,Stockholm,59.339752,18.092295
Karlsbodavägen,Tram,30,orange,Stockholm,59.355927,17.961331
Kista,Tunnelbana,11,blue,Stockholm,59.403124,17.942422
Klövervägen,Tram,12,nockeby,Stockholm,59.32525,17.973731
Knivsta,Pendeltåg,40,pendel,Knivsta,59.725761,17.786886
Kottla,Tram,21,orange,Lidingö,59.344444,18.179794
Kragstalund,Roslagsbanan,27,roslag,Vallentuna,59.510192,18.075699
Krigslida,Pendeltåg,43,pendel,Haninge,59.108788,18.065219
Kristineberg,Tunnelbana,17/18/19,green,Stockholm,59.332561,18.004109
Kungsträdgården,Tunnelbana + Tram,10/11/7,blue/city,Stockholm,59.330839,18.071054
Kungsängen,Pendeltåg,43,pendel,Upplands-Bro,59.477751,17.751843
Käppala,Tram,21,orange,Lidingö,59.352648,18.217733
Kärrtorp,Tunnelbana,17,green,Stockholm,59.284156,18.114632
Kårsta,Roslagsbanan,27,roslag,Vallentuna,59.656771,18.267554
Lahäll,Roslagsbanan,29,roslag,Täby,59.424012,18.074033
Larsberg,Tram,21,orange,Lidingö,59.350338,18.146562
Liljeholmen,Tunnelbana + Tram,13/14/30,red/orange,Stockholm,59.310744,18.023132
Liljevalchs/Gröna Lund,Tram,7,city,Stockholm,59.325273,18.097043
Lillängen,Saltsjöbanan,25,saltsjo,Nacka,59.305096,18.161693
Linde,Tram,30,orange,Stockholm,59.293377,18.064126
Lindholmen,Roslagsbanan,27,roslag,Vallentuna,59.584287,18.10925
Luma,Tram,30,orange,Stockholm,59.304196,18.095853
Mariatorget,Tunnelbana,13/14,red,Stockholm,59.317115,18.060475
Masmo,Tunnelbana,13,red,Huddinge,59.249864,17.881867
Medborgarplatsen,Tunnelbana,17/18/19,green,Stockholm,59.315175,18.073207
Midsommarkransen,Tunnelbana,14,red,Stockholm,59.301611,18.010997
Molnby,Roslagsbanan,27,roslag,Vallentuna,59.557788,18.085273
Mälarhöjden,Tunnelbana,13,red,Stockholm,59.300496,17.95574
Märsta,Pendeltåg,41,pendel,Sigtuna,59.62662,17.861298
Mårtensdal,Tram,30,orange,Stockholm,59.302698,18.088025
Mölnbo,Pendeltåg,48,pendel,Södertälje,59.04759,17.419037
Mörby,Roslagsbanan,27/28/29,roslag,Danderyd,59.392119,18.047194
Mörby centrum,Tunnelbana,14,red,Danderyd,59.398585,18.036396
Nacka,Saltsjöbanan,25,saltsjo,Nacka,59.306585,18.130426
Neglinge,Saltsjöbanan,25,saltsjo,Nacka,59.28839,18.292719
Nockeby,Tram,12,nockeby,Stockholm,59.328713,17.918426
Nockeby torg,Tram,12,nockeby,Stockholm,59.328982,17.928744
Nordiska museet/Vasamuseet,Tram,7,city,Stockholm,59.329312,18.095389
Norra Ulvsunda,Tram,30/31,orange,Stockholm,59.350296,17.96216
Norrviken,Pendeltåg,40/41,pendel,Sollentuna,59.459113,17.924391
Norsborg,Tunnelbana,13,red,Botkyrka,59.243904,17.812731
Nybroplan,Tram,7,city,Stockholm,59.332694,18.076602
Nynäsgård,Pendeltåg,43,pendel,Nynäshamn,58.913912,17.942555
Nynäshamn,Pendeltåg,43,pendel,Nynäshamn,58.900914,17.950747
Näckrosen,Tunnelbana,11,blue,Solna,59.367575,17.981792
Näsby allé,Roslagsbanan,29,roslag,Täby,59.427354,18.085215
Näsbypark,Roslagsbanan,29,roslag,Täby,59.430194,18.095472
Odenplan,Tunnelbana + Pendeltåg,17/18/19/40/41/43,green/pendel,Stockholm,59.342989,18.04793
Olovslund,Tram,12,nockeby,Stockholm,59.327896,17.935411
Ormsta,Roslagsbanan,27,roslag,Vallentuna,59.546056,18.079466
Ringvägen,Saltsjöbanan,25,saltsjo,Nacka,59.283086,18.302257
Rinkeby,Tunnelbana,10,blue,Stockholm,59.388254,17.92838
Rissne,Tunnelbana,10,blue,Sundbyberg,59.375576,17.940725
Ropsten,Tunnelbana + Tram,13/21,red/orange,Stockholm,59.357356,18.102396
Rosersberg,Pendeltåg,41,pendel,Sigtuna,59.58378,17.880103
Roslags Näsby,Roslagsbanan,27/28,roslag,Täby,59.435764,18.05802
Rotebro,Pendeltåg,40/41,pendel,Sollentuna,59.475848,17.914775
Rydbo,Roslagsbanan,28,roslag,Österåker,59.465402,18.185626
Råcksta,Tunnelbana,17/18/19,green,Stockholm,59.354913,17.881848
Rådhuset,Tunnelbana,10/11,blue,Stockholm,59.33015,18.044255
Rådmansgatan,Tunnelbana,17/18/19,green,Stockholm,59.340274,18.059068
Rågsved,Tunnelbana,19,green,Stockholm,59.256689,18.028445
Rönninge,Pendeltåg,40/41,pendel,Salem,59.193497,17.750693
Saltsjö-Duvnäs,Saltsjöbanan,25,saltsjo,Nacka,59.300522,18.19901
Saltsjö-Järla,Saltsjöbanan,25,saltsjo,Nacka,59.306919,18.150281
Saltsjöbaden,Saltsjöbanan,25,saltsjo,Nacka,59.27904,18.312288
Sandsborg,Tunnelbana,18,green,Stockholm,59.285689,18.091981
Sankt Eriksplan,Tunnelbana,17/18/19,green,Stockholm,59.340539,18.037223
Segersäng,Pendeltåg,43,pendel,Nynäshamn,59.028908,17.926748
Sickla,Tram + Saltsjöbanan,30/25,orange/saltsjo,Nacka,59.306855,18.120768
Sickla kaj,Tram,30,orange,Stockholm,59.302626,18.103391
Sickla udde,Tram,30,orange,Stockholm,59.30629,18.108543
Skansen,Tram,7,city,Stockholm,59.323785,18.10137
Skanstull,Tunnelbana,17/18/19,green,Stockholm,59.308699,18.075958
Skarpnäck,Tunnelbana,17,green,Stockholm,59.266406,18.132987
Skogskyrkogården,Tunnelbana,18,green,Stockholm,59.278693,18.095398
Skogås,Pendeltåg,43,pendel,Huddinge,59.219606,18.153356
Skärholmen,Tunnelbana,13,red,Stockholm,59.27692,17.906752
Skärmarbrink,Tunnelbana,17/18,green,Stockholm,59.295576,18.089902
Skärsätra,Tram,21,orange,Lidingö,59.343388,18.170259
Slussen,Tunnelbana,13/14/17/18/19,red/green,Stockholm,59.319317,18.0722
Smedslätten,Tram,12,nockeby,Stockholm,59.320836,17.964635
Sockenplan,Tunnelbana,19,green,Stockholm,59.282995,18.070283
Sollentuna,Pendeltåg,40/41,pendel,Sollentuna,59.428425,17.948584
Solna Business Park,Tram,30,orange,Solna,59.359663,17.979085
Solna centrum,Tunnelbana + Tram,11/30,blue/orange,Solna,59.359506,17.997825
Solna station,Pendeltåg + Tram,40/41/30,pendel/orange,Solna,59.363863,18.008508
Solna strand,Tunnelbana,10,blue,Solna,59.354464,17.973189
Solsidan,Saltsjöbanan,26,saltsjo,Nacka,59.27091,18.296122
Spånga,Pendeltåg,43,pendel,Stockholm,59.384106,17.89721
Stadion,Tunnelbana,14,red,Stockholm,59.342285,18.080447
Stadshagen,Tunnelbana,10/11,blue,Stockholm,59.33762,18.015877
Stockholms södra,Pendeltåg,40/41/43,pendel,Stockholm,59.313628,18.061811
Stocksund,Roslagsbanan,29,roslag,Danderyd,59.384997,18.043834
Stora Essingen,Tram,30,orange,Stockholm,59.324809,17.993094
Stora mossen,Tunnelbana,17/18/19,green,Stockholm,59.334555,17.966065
Storängen,Saltsjöbanan,25,saltsjo,Nacka,59.305577,18.178278
Stureby,Tunnelbana,19,green,Stockholm,59.274645,18.055816
Stuvsta,Pendeltåg,40/41,pendel,Huddinge,59.254208,17.996865
Styrmansgatan,Tram,7,city,Stockholm,59.331444,18.084029
Sundbybergs centrum,Tunnelbana + Pendeltåg + Tram,10/43/30,blue/pendel/orange,Sundbyberg,59.360672,17.97245
Svedmyra,Tunnelbana,19,green,Stockholm,59.277491,18.067128
Sätra,Tunnelbana,13,red,Stockholm,59.28576,17.921669
Södertälje centrum,Pendeltåg,40/41/48,pendel,Södertälje,59.191945,17.627475
Södertälje hamn,Pendeltåg,40/41/48,pendel,Södertälje,59.178684,17.646873
Södertälje syd,Pendeltåg,48,pendel,Södertälje,59.163516,17.645541
T-Centralen,Tunnelbana + Pendeltåg + Tram,10/11/13/14/17/18/19/40/41/43/7,blue/red/green/pendel/city,Stockholm,59.331894,18.060944
Tallkrogen,Tunnelbana,18,green,Stockholm,59.271529,18.086059
Tattby,Saltsjöbanan,26,saltsjo,Nacka,59.279638,18.280366
Tekniska högskolan,Tunnelbana + Roslagsbanan,14/27/28/29,red/roslag,Stockholm,59.345793,18.070863
Telefonplan,Tunnelbana,14,red,Stockholm,59.298361,17.9982
Tensta,Tunnelbana,10,blue,Stockholm,59.394767,17.899695
Thorildsplan,Tunnelbana,17/18/19,green,Stockholm,59.331447,18.014319
Tibble,Roslagsbanan,27,roslag,Täby,59.442409,18.062693
Tippen,Saltsjöbanan,26,saltsjo,Nacka,59.284187,18.277324
Torsvik/Millesgården,Tram,21,orange,Lidingö,59.361947,18.117748
Trekanten,Tram,30,orange,Stockholm,59.314271,18.017902
Trångsund,Pendeltåg,43,pendel,Huddinge,59.227749,18.130831
Tullinge,Pendeltåg,40/41,pendel,Botkyrka,59.205513,17.904575
Tumba,Pendeltåg,40/41,pendel,Botkyrka,59.199478,17.836519
Tunagård,Roslagsbanan,28,roslag,Österåker,59.468975,18.307309
Tungelsta,Pendeltåg,43,pendel,Haninge,59.102658,18.045592
Täby Centrum,Roslagsbanan,28,roslag,Täby,59.444277,18.074674
Täby Kyrkby,Roslagsbanan,27,roslag,Täby,59.492962,18.066215
Täljö,Roslagsbanan,28,roslag,Österåker,59.473363,18.235597
Ulriksdal,Pendeltåg,40/41,pendel,Solna,59.380285,18.000928
Universitetet,Tunnelbana + Roslagsbanan,14/27/28/29,red/roslag,Stockholm,59.365202,18.054597
Upplands Väsby,Pendeltåg,40/41,pendel,Upplands Väsby,59.520854,17.899374
Uppsala C,Pendeltåg,40,pendel,Uppsala,59.85742,17.649023
Valla torg,Tram,30,orange,Stockholm,59.295066,18.048493
Vallentuna,Roslagsbanan,27,roslag,Vallentuna,59.534432,18.08016
Vega,Pendeltåg,43,pendel,Haninge,59.186662,18.135897
Vendevägen,Roslagsbanan,29,roslag,Danderyd,59.399766,18.06759
Viggbyholm,Roslagsbanan,28,roslag,Täby,59.449406,18.104362
Visinge,Roslagsbanan,27,roslag,Täby,59.46269,18.063112
Vällingby,Tunnelbana,17/18/19,green,Stockholm,59.363934,17.870843
Västerhaninge,Pendeltåg,43,pendel,Haninge,59.123111,18.103278
Västertorp,Tunnelbana,14,red,Stockholm,59.291315,17.966692
Västra skogen,Tunnelbana,10/11,blue,Solna,59.347353,18.003871
Vårberg,Tunnelbana,13,red,Stockholm,59.27601,17.89065
Vårby gård,Tunnelbana,13,red,Huddinge,59.26508,17.883664
Waldemarsudde,Tram,7,city,Stockholm,59.322646,18.11126
Zinkensdamm,Tunnelbana,13/14,red,Stockholm,59.317831,18.049188
Älvsjö,Pendeltåg,40/41/43,pendel,Stockholm,59.278303,18.010607
Ängbyplan,Tunnelbana,17/18/19,green,Stockholm,59.341889,17.907413
Åkers Runö,Roslagsbanan,28,roslag,Österåker,59.480636,18.270644
Åkersberga,Roslagsbanan,28,roslag,Österåker,59.479172,18.29864
Åkeshov,Tunnelbana,17/18/19,green,Stockholm,59.342139,17.924219
Ålstens gård,Tram,12,nockeby,Stockholm,59.320685,17.952145
Ålstensgatan,Tram,12,nockeby,Stockholm,59.323449,17.956804
Årstaberg,Pendeltåg + Tram,40/41/43/30,pendel/orange,Stockholm,59.299254,18.029713
Årstadal,Tram,30,orange,Stockholm,59.305878,18.025612
Årstafältet,Tram,30,orange,Stockholm,59.296363,18.039524
Örnsberg,Tunnelbana,13,red,Stockholm,59.305336,17.987701
Ösmo,Pendeltåg,43,pendel,Nynäshamn,58.983998,17.902596
Östberga,Roslagsbanan,29,roslag,Danderyd,59.403989,18.073893
Östermalmstorg,Tunnelbana,13/14,red,Stockholm,59.335478,18.077689
Österskär,Roslagsbanan,28,roslag,Österåker,59.461213,18.311069
Östertälje,Pendeltåg,40/41,pendel,Södertälje,59.18515,17.658091
Östervik,Saltsjöbanan,25,saltsjo,Nacka,59.294993,18.235492
